Year,Month,Day,Hour,Minute,AmPm,All networks message,Is Draft?,Old message
2023,11,1,12,15,pm,"When you're in need of reliable assistance, look to Advance Cool Air. We guarantee a pleasant experience that is truly refreshing!",FALSE,"Our service is a breath of fresh air! When you need a company that'll get the job done, count on Advance Cool Air."
2023,11,2,1,35,pm,"Rather than waiting for an A/C unit to be damaged beyond repair, it's best to contact a repair company before the issue becomes an emergency. Don't leave it until it's too late!",FALSE,Most people only call an A/C repair company as a last resort. We don't recommend this! Don't wait until your unit is so severely damaged that it needs to be replaced entirely. 
2023,11,3,12,9,pm,"If your thermostat is not providing accurate readings, it may be time to have it fixed or replaced by Advance Cool Air. If you notice that your readings are off, please contact us for guidance.",FALSE,"Your thermostat provides accurate information to tell you what your indoor temperature is. Sometimes they go bad and start giving you wrong readings. If something seems off with your thermostat, contact the team at Advance Cool Air to have it repaired or replaced.
https://www.advancecoolair.com/ (305) 331-7569 "
2023,11,4,1,35,pm,"Often, a simple repair job is all that’s needed to get your unit up and running again. Advance Cool Air’s team of experts can help you avoid expensive replacement costs.",FALSE,"Often, a simple repair job is all that’s needed to get your unit up and running again. Hire Advance Cool Air and avoid expensive replacement costs. "
2023,11,5,12,15,pm,Don't worry. We guarantee excellent air conditioning services at all times. Get in touch with us now to have your HVAC system fixed.,FALSE,Don't sweat it. We're providing top-notch air conditioning services all year round. Give us a call to repair your HVAC system today.
2023,11,6,12,35,pm,"Rather than attempting to do repairs yourself, let our professionals do the work for you! This way, you can be sure that it is done safely and without the risk of creating more damage.",FALSE,"When you try to do the repairs yourself, there’s always a risk that something could go wrong and cause further damage to the unit. Allow our experts to handle everything for you! "
2023,11,7,11,48,am,"Dealing with a malfunctioning air conditioner is an unfortunate situation. If you have already attempted to make repairs or if your unit is no longer functioning properly, Advance Cool Air can simplify the repair and replacement process.",FALSE,"Nothing’s more miserable than dealing with a broken air conditioner. Whether you’ve already tried to repair your AC or just realized your unit is past its prime, Advance Cool Air can make the repair or replacement process easy."
2023,11,8,10,15,am,"No matter the temperatures, our service is top-notch. Choose Advance Cool Air to provide all your Heating, Ventilation, and Air Conditioning needs with extra care. Call us at (305) 331-7569.",FALSE,"Hot or cold, our service is gold. For a company that cares, allow Advance Cool Air to supply all your HVAC needs. (305) 331-7569"
2023,11,9,12,35,pm,"In the event of a misfortune and the requirement to substitute your unit, you can count on our knowledgeable team, who will show you the way and guarantee a hassle-free transition.",FALSE,"if the worst happens and you need to replace your unit, you’ll have the support of our professional team who can guide you through the process and ensure everything goes smoothly!"
2023,11,10,11,56,am,"Need a solution for your air conditioning needs? Advance Cool Air offers a full range of services for residential, commercial, and corporate needs. For inquiries and assistance, please call us at (305) 331-7569.",FALSE,"At Advance Cool Air, you'll find all A/C solutions, from residential to corporate. Give us a call. (305) 331-7569"
2023,11,11,12,35,pm,"In the event of a misfortune and the requirement to substitute your unit, you can count on our knowledgeable team, who will show you the way and guarantee a hassle-free transition.",FALSE,We're here for you! Knowing that someone is available to help if your unit breaks down can be a huge relief. Give us a call today! (305) 331-7569
2023,11,13,12,35,pm,Investing in an air conditioner is an investment that should see you through many years. You wouldn't take the risk of entrusting its care to someone unqualified. Call Advance Cool Air for the job!,FALSE,"Your air conditioner is an investment meant to last you for over a decade. You wouldn’t ever purposely hire a non-professional to work on an AC, right? Contact Advance Cool Air today!"
2023,11,14,12,51,pm,"When Advance Cool Air installs a new thermostat, we recommend monitoring your indoor temperature to ensure efficient, real-time readings. If you have any questions or concerns, please contact us today!",FALSE,"Monitor your indoor temperature when Advance Cool Air installs a new thermostat to give you efficient, real-time readings. Call us today!
(305) 331-7569 "
2023,11,14,12,51,pm,"When Advance Cool Air installs a new thermostat, we recommend monitoring your indoor temperature to ensure efficient, real-time readings. If you have any questions or concerns, please contact us today!",FALSE,"Monitor your indoor temperature when Advance Cool Air installs a new thermostat to give you efficient, real-time readings. Call us today!
(305) 331-7569 "
2023,11,15,11,15,am,We are committed to ensuring your satisfaction and providing you with excellent service today that will make you smile.,FALSE,Our job is to make you happy. Your satisfaction is our guarantee! Let us make you happy with amazing service today.
2023,11,16,12,35,pm,Prioritize safety by opting to hire a professional like Advance Cool Air instead of trying to tackle DIY repairs. Your peace of mind will be worth the investment!,FALSE,"Saving money is always a tempting prospect for people to attempt DIY repairs, but safety should be your #1 priority. Partner with Advance Cool Air and keep your family safe; you’ll be glad you did. "
2023,11,17,12,4,pm,"If you have recently noticed an increase in smoke or chemical odor in your home, or if you can't breathe well, you may need to have your air filters cleaned. Advance Clean Air can help you schedule the service and start breathing better air in your home.",FALSE,"If you need help remembering the last time your air filters were cleaned, then you need to contact Advance Cool Air and schedule a cleaning so you can start breathing better air in your home.
https://www.advancecoolair.com/ (305) 331-7569 "
2023,11,17,12,4,pm,"If you have recently noticed an increase in smoke or chemical odor in your home, or if you can't breathe well, you may need to have your air filters cleaned. Advance Clean Air can help you schedule the service and start breathing better air in your home.",FALSE,"If you need help remembering the last time your air filters were cleaned, then you need to contact Advance Cool Air and schedule a cleaning so you can start breathing better air in your home.
https://www.advancecoolair.com/ (305) 331-7569 "
2023,11,18,12,35,pm,"No matter the urgency of your repairs, our team promises to ensure you are taken care of promptly. You can be confident that your machine won't fail you when you need it most.",FALSE,"Machines never break down when convenient. If you need repairs done quickly, no matter the reason, our team will not let you down. "
2023,11,19,11,15,am,"At Advance Cool Air, we strive to make sure our clients are satisfied with the work performed. The smiles we receive after a job is done lets us know that our hard work paid off. Your satisfaction is our highest priority.",FALSE,"Once a job is finished, the expression on our clients' faces determines how well our work is performed. At Advance Cool Air, we place a high priority on your happiness."
2023,11,20,12,35,pm,"If you want your A/C to keep functioning at peak performance, remember to do your regular upkeep. If something unexpected happens and you need quick air conditioner service, make sure you reach out to Advance Cool Air.",FALSE,"Routine maintenance is the key to keeping your A/C working, but if the inevitable occurs and you need immediate A/C repair, it is for your best benefit to contact Advance Cool Air. "
2023,11,21,12,45,pm,It is essential to get your unit serviced at least twice annually. Don't wait for it to break down on you - call Advance Cool Air now and schedule your service appointment (305) 331-7569! Your home should not be taken for granted. Being proactive instead of reactive and being careful will keep you from disappointment later on.,FALSE,"It's time for your regular servicing! When was the last time you got your unit serviced? While it is advised twice a year, it is better to be cautious than sorry! Don't wait for a disaster. Call Advance Cool Air now to arrange service!
#aca #advancecoolair
(305) 331-7569 "
2023,11,22,11,15,am,We believe in providing excellent service at reasonable prices. Let us help you with any of your air conditioning requirements today.,FALSE,Top-quality service at affordable rates is what we stand by. Let us assist with your air conditioning needs today.
2023,11,23,12,35,pm,Our team of professionals are highly qualified and have the necessary equipment to guarantee that your system is up and running quickly and safely. Don't wait any longer; get an estimate from us now!,FALSE,We have the right equipment to complete your system's work fast and safely. Our professional team will be glad to assist you with all your A/C needs. Get a quote today!
2023,11,24,12,14,pm,"We at Advance Cool Air are thankful for your ongoing support and, on this Thanksgiving, we send our best wishes to you and your family for a wonderful day.",FALSE,Happy Thanksgiving from all of us here at Advance Cool Air! We want to take this opportunity to thank you for your continued support and wish you and your loved ones a great day.
2023,11,24,12,39,pm,Need air conditioning service? Advance Cool Air can help. We can repair or replace your AC unit quickly and easily. (+305) 331-7569,FALSE,"Nothing’s more miserable than dealing with a broken air conditioner. Whether you’ve already tried to repair your AC or just realized your unit is past its prime, Advance Cool Air can make the repair or replacement process easy.(305) 331-7569 
#aca #advancecoolair "
2023,11,24,12,39,pm,Need air conditioning service? Advance Cool Air can help. We can repair or replace your AC unit quickly and easily. (+305) 331-7569,FALSE,"Nothing’s more miserable than dealing with a broken air conditioner. Whether you’ve already tried to repair your AC or just realized your unit is past its prime, Advance Cool Air can make the repair or replacement process easy.(305) 331-7569 
#aca #advancecoolair "
2023,11,25,12,35,pm,"A considerable amount of money was put into your air conditioning system, so it needs to be kept up and running well. Allow the expert technicians at Advance Cool Air to handle the repairs and make sure that your investment works over time with ongoing guidance.",FALSE,"Your air conditioning system represents a significant investment, and when it isn’t working right, we understand it's important to find a trusted technician to repair it. Rely on Advance Cool Air for long-lasting results and clear communication!"
2023,11,26,11,15,am,"If you are looking for reliable and high-quality air conditioning repair services in Miami, don't hesitate to get in touch with us, and we'll be there for you. Reach out to us now at (305) 331-7569 for outstanding service.",FALSE,"We provide professional, quality air conditioning repair services to the Miami area. When you need us, we'll be there. Contact us for amazing service today. (305) 331-7569"
2023,11,27,12,35,pm,"No matter what type of air conditioning system you have, our highly qualified technicians are ready and willing to assess the issue and find a solution for you. Let us handle any and all of your home AC repair needs!",FALSE,"We’re here for all your home’s AC repair needs. No matter what system you have, have our certified techs take a look and get it working again! ??"
2023,11,28,11,15,am,"At Advance Cool Air, we strive to give our customers the quickest and most effective solutions they require, when they need it. We pride ourselves on providing the highest quality service.",FALSE,"Customer service means making it easy and fast for your customers to get the help they need- when and how they need it. At Advance Cool Air, we aim to supply your needs in the best way possible."
2023,11,29,11,15,am,"Do you have a problem? Let the Advance Cool Air team help ease your burden - they provide top-notch services at reasonable rates. To find out what they can do for you, give them a call at (305) 331-7569.",FALSE,You have a problem. We have a solution. Let the Advance Cool Air team simplify your life with quality work and affordable rates. Contact us for more information on what we can do for you today. (305) 331-7569
2023,11,30,12,35,pm,Don't attempt to fix your AC unit DIY-style; it'll be a waste of time and money. We suggest trusting the professionals – give Advance Cool Air a call at (305) 331-7569 and they will take care of all your AC repairs and services.,FALSE,"While it may be tempting, you should never do a repair on your own. You are not experienced, nor do you have the tools available to make the repair. Save your time and money. Call the experts at Advance Cool Air for all of your AC service and repair needs! (305) 331-7569"
2023,12,1,12,1,pm,"When it's time to get a new air conditioner, Advance Cool Air can help. We can provide you with options that fit your specific needs.",FALSE,"When it's time to replace your air conditioner, Advance Cool Air is here to assist. We'll help you shop around for a new air conditioner that fits your requirements "
2023,12,1,1,45,pm,"If your air conditioner needs to be replaced, Advance Cool Air is here to help. We'll provide guidance in finding a new air conditioner that meets your needs.",FALSE,"When it's time to replace your air conditioner, Advance Cool Air is here to assist. We'll help you shop around for a new air conditioner that fits your requirements "
